University,City,State,Application fee,Tution fee,Living Expences,Part time jobs,GRE,GMAT,IELTS,TOEFL,PTE,Duolingo,GPA,Programs,CS,IT,BA,DS,CE,DE,IS,AI,CSEC,ECS,ML,SE,IM
Massachusetts Institute of Technology,Cambridge,MA,$75 ,"$53,033 ",90,50,320,690-760,7,90,65,120,3.7/4,"ECS,CS,BA","$29,000 ",,"$85,500 ",,,,,,,"$55,500 ",,,
Carnegie Mellon University,Pittsburgh,PA,$75 ,"$52,500 ",87,50,318,700,7,100,,130,3.7/4,"CS,DS,ECS,IT,IS,ML,SE,AI,BA","$52,400 ","$45,000 ","$70,000 ","$52,000 ",,,"$50,100 ","$53,500 ",,"$46,900 ","$52,000 ","$52,300 ",
Stanford University,Stanford,CA,$85 ,"$47,700 ",95,50,320,,,89-109,,,3.7/4,"CS,DS","$46,700 ",,,"$29,000 ",,,,,,,,,
California Institute of Technology,Pasadena,CA,$100 ,"$59,000 ",95,50,320,700,7,100,,130,3.7/4,CS,"$59,000 ",,,,,,,,,,,,
University of Illinois--Urbana-Champaign,Urbana,IL,$90 ,"$37,000 ",60,50,,,7,90,,,3.7/4,"CS,ECS,IS,IM,BA","$36,700 ",,"$48,000 ",,,,"$28,800 ",,,"$36,800 ",,,"$28,800 "
Columbia University,Ithaca,NY,$85 ,"$68,000 ",90,50,320,680,7,100,,120,3.7/4,"CS,DS,BA,CE,CSEC",,"$68,000 ","$48,400 ","$68,400 ","$68,000 ",,,,"$34,000 ",,,,
Georgia Institute of Technology,Atlanta,GA,$75 ,"$30,000 ",78,50,,,6.5,79,,,3.7/4,"CS,ECS,CSEC","$18,300 ",,,,,,,,"$19,500 ","$42,700 ",,,
University of Washington,Seattle,WA,$85 ,"$20,000 ",77,50,320,695,,100,,,3.7/4,"CS,DS,IM,SE,BA,IS,CSEC","$17,000 ",,"$54,000 ","$32,550 ",,,"$47,400 ",,"$20,000 ",,,"$20,000 ","$17,500 "
Princeton University,Princeton,NJ,$90 ,"$50,000 ",85,50,324,700,7,90,,,3.7/4,CS,"$54,700 ",,,,,,,,,,,,
Rice University,Houston,TX,$75 ,"$50,000 ",70,50,320,,7,100,,115,3.7/4,"CS,ECS","$54,100 ",,,,,,,,,"$44,000 ",,,
University of California Berkeley,Berkeley,CA,$85 ,"$30,000 ",85,50,320,,7,100,,,3.7/4,"CS,DS","$26,800 ",,,"$74,000 ",,,,,,,,,
Columbia University,New York,NY,$85 ,"$60,000 ",92,50,320,,7,100,,120,3.7/4,"CS,DS,CSEC","$68,400 ",,,"$68,400 ",,,,,"$34,000 ",,,,
University of California--Los Angeles,Los Angeles,CA,$90 ,"$30,000 ",80,50,320,,7,87,,,3.7/4,"CS,BA,AI","$12,000 ",,"$12,000 ",,,,,"$33,300 ",,,,,
University of Southern California,La Jolla,CA,$90 ,"$40,000 ",85,50,318,700,7,100,,130,3.7/4,"CS,DS,CSEC,SE,ML","$43,000 ",,,"$37,000 ",,,,,"$43,100 ",,"$74,000 ","$50,000 ",
University of Michigan--Ann Arbor,Ann Arbor,MI,$60 ,"$60,000 ",85,50,320,,7,100,,,3.7/4,"CS,ECS,IS,BA","$1,00,000",,"$64,300 ",,,,"$62,600 ",,,"$90,000 ",,,
Harvard University,Cambridge,MA,$85 ,"$85,000 ",90,50,310,670,6.5,90,,,3.7/4,"DS,SE,CS","$89,000 ",,,"$89,000 ",,,,,,,,"$20,000 ",
University of Maryland--College Park,College Park,MD,$75 ,"$30,000 ",70,50,315,,7,95,,120,3.7/4,"CS,ECS,IS,IM,ML","$26,540 ",,,,,,"$60,000 ",,,"$26,540 ","$26,600 ",,"$31,850 "
University of Pennsylvania,Philadelphia,PA,$75 ,"$35,000 ",65,50,321,620-780,7,100,,120,3.7/4,"CS,DS","$37,777 ",,,"$48,860 ",,,,,,,,,
University of Wisconsin--Madison,Madison,WI,$60 ,"$30,000 ",65,50,320,690,7.5,100,,,3.7/4,"CS,ECS","$25,980 ",,,,,,,,,"$28,980 ",,,
Johns Hopkins University,Baltimore,MD,$70 ,"$50,000 ",60,50,320,,7,100,,,3.7/4,"CS,BA","$60,000 ",,"$80,000 ",,,,,,,,,,
Purdue University--West Lafayette,West Lafayette,IN,$75 ,"$30,000 ",75,50,320,,7,100,,,3.7/4,"CS,ECS,IS,DS","$23,500 ",,,"$17,625 ",,,"$42,390 ",,,"$17,625 ",,,
Yale University,New Haven,CT,$80 ,"$55,000 ",82,50,300,700,7,100,54,,3.7/4,CS,"$62,250 ",,,,,,,,,,,,
Duke University,Durham,NC,$95 ,"$61,000 ",59,50,300,680,7,90,70,115,3.7/4,"CS,DS,CSEC,ECS","$30,110 ",,,"$30,110 ",,,,,"$60,000 ","$30,250 ",,,
Tufts University,Amherst,MA,$85 ,"$51,000 ",87,50,310,,6.5,90,,110,3.7/4,"CS,DS,CE","$50,100 ",,,"$50,900 ","$50,900 ",,,,,,,,
University of California Santa Barbara,Santa Barbara,CA,$80 ,"$25,000 ",78,50,300,600,7,80,60,,3.7/4,"CS,ECS","$13,000 ",,,,,,,,,"$28,000 ",,,
Brown University,Providence,RI,$75 ,"$61,000 ",82,50,300,600,6.5,79,54,,3.7/4,"DS,CS","$37,800 ",,,"$82,900 ",,,,,,,,,
University of North Carolina--Chapel Hill,Chapel Hill,NC,$85 ,"$30,000 ",61,50,320,,7,90,,,3.7/4,"CS,DS","$23,580 ",,,"$24,100 ",,,,,,,,,
Northwestern University,Evanston,IL,$60 ,"$55,000 ",74,50,320,,7,,,,3.7/4,"CS,IS,CE,IT","$62,163 ","$57,465 ",,,"$82,900 ",,"$53,250 ",,,,,,
University of Texas at Austin,Austin,TX,$90 ,"$24,000 ",62,50,320,650-740,7.5,105,,,3.7/4,"CS,ECS,IT,SE,IS","$18,200 ","$53,000 ",,,,,"$36,000 ",,,"$20,600 ",,"$17,000 ",
University of California--Irvine,Irvine,CA,$100 ,"$30,000 ",92,50,320,,7,100,,,3.7/4,"CS,ECS,SE","$26,800 ",,,,,,,,,"$26,550 ",,"$26,550 ",
University of California San Diego,Santa Barbara,CA,$80 ,"$23,000 ",82,50,320,,7,83,,,3.4/4,"CS,DS,ECS","$11,550 ",,,"$20,650 ",,,,,,"$11,450 ",,,
University of Chicago,Chicago,IL,$75 ,"$56,000 ",90,50,325,700,7,104,,,3.4/4,CS,"$56,000 ",,,,,,,,,,,,
University of Virginia,Charlottesville,VA,$90 ,"$35,000 ",82,50,300,600,7,80,54,,3.4/4,"CS,DS","$31,600 ",,,"$48,250 ",,,,,,,,,
Boston College,Boston,MA,$75 ,"$60,000 ",86,50,310,,7,,,,3.4/4,CS,"$60,000 ",,,,,,,,,,,,
Ohio State University,Columbus,OH,$70 ,"$45,000 ",57,60,,600,6,72,76,,3.4/4,"CS,ECS","$43,200 ",,,,,,,,,"$36,000 ",,,
Pennsylvania State University--University Park,University Park,PA,$65 ,"$35,000 ",70,50,314,700,6.5,80,,,3.4/4,"CS,DS,BA,CSEC,CE","$33,400 ",,"$43,300 ","$28,200 ","$54,000 ",,,,"$43,000 ",,,,
University of Minnesota--Twin Cities,Minneapolis,MN,$50 ,"$25,000 ",60,50,310,,6.5,80,59,,3.4/4,"CS,DS,ECS,SE","$36,900 ",,,"$20,400 ",,,,,,"$46,000 ",,"$22,000 ",
Stony Brook University SUNY,New York,NY,$50 ,"$25,000 ",60,50,310,,7,90,,,3.4/4,"CS,IS","$19,260 ",,,,,,"$19,260 ",,,,,,
"Rutgers, The State University of New Jersey--New Brunswick",Piscataway,NJ,$70 ,"$26,000 ",62,50,310,,7,90,,,3.4/4,"CS,DS,IT","$24,000 ","$29,000 ",,"$26,000 ",,,,,,,,,
Texas A&M University-College Station,College Station,TX,$75 ,"$26,000 ",61,50,313,,6,80,53,,3.4/4,"CS,CSEC","$25,000 ",,,,,,,,"$18,700 ",,,,
University of Colorado--Boulder,Boulder,CO,$70 ,"$35,800 ",77,50,310,,6,70,,,3.4/4,"CS,DS,IS","$35,900 ",,,"$44,250 ",,,"$38,900 ",,,,,,
William & Mary,Blacksburg,VA,$60 ,"$35,000 ",63,50,315,,7,,,,3.4/4,"CS,BA","$35,200 ",,"$48,500 ",,,,,,,,,,
Syracuse University,Stony Brook,NY,$75 ,"$30,000 ",89,50,,,6.5,90,,110,3.4/4,"CS,IS,CSEC","$27,100 ",,,,,,"$62,500 ",,"27,100",,,,
Santa Clara University,Santa Clara,CA,$60 ,"$30,000 ",70,50,,,6.5,,,,3.4/4,"CS,IS,BA","$25,800 ",,"$42,900 ",,,,"$29,600 ",,,,,,
University of Florida,Gainesville,FL,$30 ,"$30,000 ",55,50,,,6.5,80,,,3.0/4,"CS,IS","$30,100 ",,,,,,"$30,200 ",,,,,,
University of Utah,Salt Lake City,UT,$65 ,"$20,000 ",71,50,,,6,100,54,,3.0/4,"CS,IS","$15,600 ",,,,,,"$54,000 ",,,,,,
Washington University in St. Louis,St. Louis,MO,$75 ,"$58,000 ",94,50,310,690,6.5,90,,115,3.4/4,"CS,CSEC,BA","$59,500 ",,"$58,000 ",,,,,,"$60,000 ",,,,
Northeastern University,Boston,MA,$75 ,"$32,000 ",82,$60 ,,,7,80-100,54,105,3.4/4,"CS,IS,DS,BS,AI,CSEC,SE","$26,000 ",,"$50,000 ","$27,000 ",,,"$27,000 ","$26,500 ","$24,000 ",,,"$27,000 ",
Arizona State University,Tempe,AZ,$80 ,"$30,000 ",73,65,305,650,6.5,79,54,,3.4/4,"CS,IS,CSEC","$26,500 ",,,,,,"$26,400 ",,"$22,500 ",,,,
Dartmouth College,Hanover,NH,$80 ,"$60,000 ",93,50,322,720,7,100,,120,3.4/4,CS,"$60,000 ",,,,,,,,,,,,
North Carolina State University,Raleigh,NC,$75 ,"$48,000 ",60,60,310,,6.5,,,,3.0/4,"CS,CE,DS,SE","$48,000 ",,,"$25,000 ","$48,000 ",,,,,,,"$32,000 ",
University of Arizona,Tucson,AZ,$80 ,"$35,000 ",67,60,310,,6.5,,,,3.0/4,"CS,IS,BA,DS","$34,000 ",,"$44,260 ","$33,490 ",,,"$63,800 ",,,,,,
University of San Diego,Santa Cruz,CA,$55 ,"$50,000 ",70,50,300,600,6.5,80,54,,3.0/4,"BA,CSEC",,,"$54,000 ",,,,,,"$22,500 ",,,,
Grinnell College,Grinnell,IA,$50 ,"$25,000 ",58,50,,,6.5,,,,3.0/4,CS,"$25,000 ",,,,,,,,,,,,
University of Notre Dame,Notre Dame,IN,$75 ,"$60,000 ",82,50,295,550,6.5,80,,,3.0/4,"CS,BA","$90,000 ",,"$54,000 ",,,,,,,,,,
Indiana University--Bloomington,Bloomington,IN,$70 ,"$22,000 ",66,50,300,,6.5,,,,3.0/4,"CS,IS,DS","$33,000 ",,,"$24,000 ",,,"$27,000 ",,,,,,
University of Rochester,Rochester,NY,$70 ,"$60,000 ",59,50,300,,7,85,55,,3.0/4,"CS,DS,ECS","$60,300 ",,,"$60,300 ",,,,,,"$56,700 ",,,
University of Pittsburgh,Pittsburgh,PA,$75 ,"$45,000 ",68,50,300,,6.5,,,,3.0/4,"CS,IS,ECS,BA","$44,500 ",,"$44,500 ",,,,"$36,700 ",,,"$48,300 ",,,
Cornell University,Rochester,NY,$80 ,"$33,000 ",65,50,295,700,7,100,54,,3.0/4,"CS,IS,BA","$29,400 ",,"$59,800 ",,,,"$62,500 ",,,,,,
Vanderbilt University,Nashville,TN,$50 ,"$33,000 ",64,60,,,7,100,70,,3.0/4,"CS,DS","$33,400 ",,,"$51,200 ",,,,,,,,,
Wake Forest University,Winston-Salem,NC,$75 ,"$38,400 ",63,50,,,6.5,,,,3.0/4,"CS,BA","$39,000 ",,"$54,200 ",,,,,,,,,,
Michigan State University,East Lansing,MI,$75 ,"$33,000 ",59,50,310,600,6.5,80,54,,3.0/4,"CS,BA","$30,000 ",,"$39,000 ",,,,,,,,,,
California State University,Northridge,CA,$70 ,"$20,000 ",65,50,300,,6.5,,,,3.0/4,CS,"$16,000 ",,,,,,,,,,,,
University of Illinois--Chicago,Chicago,IL,$70 ,"$20,000 ",70,60,310,650,6.5,79,54,,3.4/4,"CS,IS,BA","$19,000 ",,"$46,300 ",,,,"$46,300 ",,,,,,
Case Western Reserve University,Cleveland,OH,$60 ,"$32,000 ",62,60,300,,6.5,,,,3.0/4,CS,"32,000",,,,,,,,,,,,
University of Richmond,Richmond,VA,$50 ,"$15,000 ",71,60,,,7.5,100,,125,3.7/4,CS,"$15,000 ",,,,,,,,,,,,
Iowa State University,Ames,IA,$70 ,"$30,000 ",58,50,300,,6.5,,,,3.0/4,"CS,IS,AI,ECS,CE","$23,800 ",,,,"$26,700 ",,"$30,000 ","$54,000 ",,"$30,000 ",,,
Oregon State University,Corvallis,OR,$85 ,"$32,000 ",65,50,,,6.5,,,,3.0/4,"CS,ECS","$24,500 ",,,,,,,,,"$24,000 ",,,
Syracuse University,Syracuse,NY,$75 ,"$30,000 ",68,50,,,6.5,90,,110,3.0/4,"CS,IS,CSEC","$27,400 ",,,,,,"$62,300 ",,"$27,400 ",,,,
Southern Methodist University,Richardson,TX,$75 ,"$25,000 ",65,60,,,6.5,,,,3.0/4,"CS,BA,SE,CSEC","$18,000 ",,"$43,800 ",,,,,,"$18,000 ",,,"$18,000 ",
University of Washington,Bothell,WA,$85 ,"$27,000 ",60,60,308,450,6.5,83,,105,3.0/4,"CS,CSEC","$26,550 ",,,,,,,,"$26,550 ",,,,
Binghamton University SUNY,Syracuse,NY,$75 ,"$20,000 ",71,65,,,6.5,80-95,,,3.0/4,"CS,ECS","$20,000 ",,,,,,,,,"$20,000 ",,,
San Jose State University,San Jose,CA,$70 ,"$17,000 ",95,50,,,6.5,80,53,,3.0/4,"CS,SE,DS","$17,000 ",,,"$14,500 ",,,,,,,,"$17,000 ",
Boston University,Medford,MA,$80 ,"$45,000 ",95,60,315,650,7,84,,110,3.0/4,"CS,AI,DS","$60,000 ",,,"$45,700 ",,,,"$61,000 ",,,,,
University of Central Florida,Orlando,FL,$30 ,"$18,000 ",70,60,310,,6.5,85,,,3.4/4,"CS,BA,DS","$18,000 ",,"$18,000 ","$18,000 ",,,,,,,,,
University of Iowa,Iowa City,IA,$60 ,"$30,000 ",78,60,,,6.5,80,,105,3.0/4,"CS,BA","$26,700 ",,"$37,450 ",,,,,,,,,,
William & Mary,Williamsburg,VA,$50 ,"$35,000 ",68,60,,,6.5,,,,3.0/4,"CS,BA","$35,500 ",,"$48,800 ",,,,,,,,,,
Drexel University,Philadelphia,PA,$65 ,"$35,500 ",71,60,310,,6.5,,,,3.0/4,"CS,BA","$31,000 ",,"$35,500 ",,,,,,,,,,
Emory University,Atlanta,GA,$75 ,"$24,000 ",68,65,300,640,6.5,80,54,,3.0/4,CS,"$45,000 ",,,,,,,,,,,,
George Washington University,Washington,DC,$75 ,"$30,000 ",80,68,310,,6,80,,,3.0/4,"CS,DS,BA,CE,CSEC","$30,000 ",,"$54,000 ","$28,000 ","$29,000 ",,,,"$33,330 ",,,,
University of Denver,Denver,CO,$75 ,"$35,000 ",90,70,,,6.5,80,,,3.0/4,"CS,DS,BA","$36,500 ",,"$65,000 ","$36,000 ",,,,,,,,,
SUNY Buffalo,Buffalo,NY,$70 ,"$25,000 ",76,75,305,,6.5,88,,,3.0/4,"CS,IS,DS","$20,000 ",,,"$29,000 ",,,"$40,000 ",,,,,,
University of Connecticut,Storrs,CT,$75 ,"$26,000 ",79,65,295,500,6.5,79,54,,3.0/4,"CS,BA","$40,000 ",,"$21,000 ",,,,,,,,,,
Virginia Tech,Blacksburg,VA,$75 ,"$27,000 ",68,75,300,550,6.5,80,,,3.0/4,"CE,ECS",,,,,"$24,000 ",,,,,"$24,000 ",,,
California State University,Fullerton,CA,$70 ,"$25,000 ",80,50,295,,6.5,80,,,3.0/4,"CS,IS","$19,000 ",,,,,,"$18,100 ",,,,,,
University of Maryland--Baltimore County,Baltimore,MD,$75 ,"$25,000 ",68,70,300,,6.5,80,,,3.0/4,"CS,DS,IS,SE","$20,000 ",,,"$27,000 ",,,"$23,000 ",,,,,"$21,000 ",
University of Oregon,Eugene,OR,$70 ,"$34,000 ",79,60,310,610,6.5,88,,120,3.0/4,"CS,BA","$47,000 ",,"$29,000 ",,,,,,,,,,
Washington State University,Pullman,WA,$70 ,"$26,000 ",72,55,300,,6.5,,,,3.0/4,CS,"$20,780 ",,,,,,,,,,,,
Clemson University,Clemson,SC,$80 ,"$28,000 ",82,65,300,,6.5,,,,3.0/4,"CS,DS","$22,500 ",,,"$27,800 ",,,,,,,,,
Colorado School of Mines,Golden,CO,$95 ,"$44,500 ",82,60,305,640,6.5,79,,105,3.0/4,CS,"$44,500 ",,,,,,,,,,,,
Florida State University,Tallahassee,FL,$30 ,"$26,000 ",67,73,300,,6.5,,,,3.0/4,"CS,DS,BA","$22,300 ",,"$36,500 ","$22,400 ",,,,,,,,,
Georgetown University,Washington,DC,$75 ,"$40,000 ",84,69,320,650,7,100,68,,3.0/4,"CS,DS","$35,550 ",,,"$53,650 ",,,,,,,,,
Stevens Institute of Technology,Hoboken,NJ,$70 ,"$45,000 ",89,70,300,,6.5,,,,3.0/4,"CS,IS,DS,CSEC,ML,AI","$39,600 ",,,"$43,500 ",,,"$31,750 ","$25,400 ","$51,450 ",,"$43,750 ",,
California State University,Long Beach,CA,$70 ,"$25,000 ",85,50,295,,6.5,80,,,3.0/4,"CS,IS","$19,000 ",,,,,,"$18,100 ",,,,,,
University of Delaware,Newark,DE,$75 ,"$21,000 ",66,66,300,550,6.5,80,,,3.0/4,"CS,DS,BA","$40,000 ",,"$30,000 ","$16,700 ",,,,,,,,,
George Mason University,Fairfax,VA,$80 ,"$37,000 ",76,72,300,,6.5,88,59,,3.0/4,"CS,BA,IS,DS","$29,500 ",,"$60,000 ","$22,500 ",,,"$29,800 ",,,,,,
University of Nebraska--Lincoln,Lincoln,NE,$50 ,"$25,000 ",64,50,308,,6.5,90,,,3.0/4,CS,"$20,000 ",,,,,,,,,,,,
Auburn University,Auburn,AL,$70 ,"$40,000 ",79,65,300,,6.5,80,,,3.0/4,CS,"$40,000 ",,,,,,,,,,,,
Colorado State University,Fort Collins,CO,$70 ,"$33,000 ",75,69,300,,6.5,,,,3.0/4,"CS,IS","$38,000 ",,,,,,"$33,000 ",,,,,,
Lehigh University,Bethlehem,PA,$75 ,"$30,000 ",83,59,310,660,7,90,,110,3.0/4,"CS,CE","$30,000 ",,,,"$30,000 ",,,,,,,,
Illinois State University,Normal,IL,$80 ,"$22,000 ",64,55,300,,6.5,,,,3.0/4,"CS,IS","$20,000 ",,,,,,"$15,000 ",,,,,,
New Jersey Institute of Technology,Newark,NJ,$75 ,"$33,000 ",76,64,296,,6,79,,,3.0/4,"CS,DS,IS","$25,500 ",,,"$34,600 ",,,"$25,760 ",,,,,,
Saint Louis University,St. Louis,MO,$70 ,"$20,000 ",72,70,300,590,6.5,80,,,3.0/4,"CS,BA,DS","$21,000 ",,"$11,000 ","$19,000 ",,,,,,,,,
University of Georgia,Athens,GA,$100 ,"$20,000 ",67,65,,,6.5,80,,105,3.0/4,"CS,AI,BA","$16,000 ",,"$32,400 ",,,,,"$31,200 ",,,,,
University of Kansas,Lawrence,KS,$60 ,"$32,000 ",67,50,295,540,6.5,80,,,3.0/4,"CS,CE","$29,800 ",,,,"$14,500 ",,,,,,,,
University of Tennessee--Knoxville,Knoxville,TN,$60 ,"$30,000 ",65,50,294,500,6.5,79,54,,3.0/4,"CS,BA,CE","$20,200 ",,"$53,500 ",,"$22,200 ",,,,,,,,
Baylor University,Arlington,TX,$50 ,"$40,000 ",84,78,300,,7,80,,125,3.0/4,"CS,IS","$41,200 ",,,,,,"$54,300 ",,,,,,
University of Massachusetts Amherst,Worcester,MA,$75 ,"$30,000 ",76,67,300,,6.5,79,,,3.0/4,"CS,ECS","$25,400 ",,,,,,,,,"$21,300 ",,,
Rochester Institute of Technology,Binghamton,NY,$65 ,"$40,000 ",87,78,300,550,6.5,79,58,,3.0/4,"CS,BA,SE","$54,000 ",,"$67,000 ",,,,,,,,,"$40,700 ",
Connecticut College,New London,CT,$70 ,"$35,000 ",72,50,300,,6.5,,,,3.0/4,CS,"$35,000 ",,,,,,,,,,,,
Brigham Young University,Provo,UT,$70 ,"$23,000 ",67,84,300,,7,85,58,105,3.0/4,"CS,BA,DS,ECS,IM","$12,500 ",,"$16,520 ","$16,520 ",,,,,,"$11,940 ",,,"$16,520 "
Illinois Institute of Technology,Chicago,IL,$75 ,"$39,000 ",63,80,300,600,6.5,80,53,105,3.0/4,"CS,IT,BA,DS,CE,IS,CSEC,ECS,ML,SE,IM","$36,600 ","$36,600 ","$36,600 ","$36,600 ","$36,600 ",,"$36,600 ",,"$36,600 ","$36,600 ","$36,600 ","$36,600 ","$36,600 "
"Rutgers, The State University of New Jersey--Newark",Newark,NJ,$70 ,"$32,304 ",67,50,300,550,6.5,79,53,105,3.0/4,"CS,IT,BA,DS,CE,IS,CSEC,ECS,ML,SE,IM","$32,304 ","$32,304 ","$32,304 ","$32,304 ","$32,304 ",,"$32,304 ",,"$32,304 ","$32,304 ","$32,304 ","$32,304 ","$32,304 "
Temple University,Philadelphia,PA,$60 ,"$28,176 ",73,75,300,550,6.5,88,58,110,3.0/4,"CS,IT,BA,DS,CE,DE,IS,CSEC,ECS,ML,SE,IM,AI","$26,994 ","$26,994 ","$30,168 ","$30,168 ","$26,994 ","$30,168 ","$26,994 ","$30,168 ","$26,994 ","$26,994 ","$30,168 ","$26,994 ","$26,994 "
University of New Mexico,Albuquerque,NM,$75 ,"$16,860 ",70,70,300,550,6.5,80,58,105,3.0/4,"CS,BA,DS,IS","$17,000 ",,"$21,000 ","$21,000 ",,,"$23,000 ",,,,,,
University of North Carolina--Charlotte,Charlotte,NC,$85 ,"$22,000 ",66,80,300,550,6.5,80,58,110,3.0/4,"CS,IT,BA,DS,CE,DE,IS,CSEC,ECS,ML,SE,IM,AI","$20,800 ","$19,500 ","$33,600 ","$33,600 ","$20,800 ","$20,800 ","$20,800 ","$20,800 ","$20,800 ","$20,800 ","$20,800 ","$20,800 ","$19,500 "
University of Massachusetts Lowell,Waltham,MA,$75 ,"$30,705 ",72,50,300,550,6.5,79,58,105,3.0/4,"CS,CE,DS,BA,IS","$28,000 ",,"$33,000 ","$33,000 ","$28,000 ",,"$30,000 ",,,,,,
Indiana University-Purdue University--Indianapolis,Indianapolis,IN,$70 ,"$30,000 ",72,70,300,,6.5,80,53,105,3.0/4,"CS,IT,BA,DS,IS,IM","$30,000 ","$24,000 ","$26,000 ","$26,000 ",,,"$26,000 ",,,,,,"$24,000 "
Kansas State University,Manhattan,KS,,,,,,,,,,,,,,,,,,,,,,,,,
University of Alabama,Tuscaloosa,AL,,,,,,,,,,,,,,,,,,,,,,,,,
University of Kentucky,Lexington,KY,,,,,,,,,,,,,,,,,,,,,,,,,
University of Missouri,Columbia,MO,,,,,,,,,,,,,,,,,,,,,,,,,
University of South Carolina,Columbia,SC,,,,,,,,,,,,,,,,,,,,,,,,,
University of South Florida,Tampa,FL,,,,,,,,,,,,,,,,,,,,,,,,,
Wayne State University,Detroit,MI,,,,,,,,,,,,,,,,,,,,,,,,,
Stevens Institute of Technology,New York,NY,,,,,,,,,,,,,,,,,,,,,,,,,
James Madison University,Harrisonburg,VA,,,,,,,,,,,,,,,,,,,,,,,,,
Tulane University,New Orleans,LA,,,,,,,,,,,,,,,,,,,,,,,,,
University at Albany--SUNY,Albany,NY,,,,,,,,,,,,,,,,,,,,,,,,,
San Diego State University,San Diego,CA,,,,,,,,,,,,,,,,,,,,,,,,,
University of Cincinnati,Cincinnati,OH,$65 ,"$25,000 ",74,90,300,550,6.5,79,58,105,3.0/4,"CS,IT,BA,DS","$25,000 ","$25,000 ","$25,000 ","$25,000 ",,,,,,,,,
University of Texas at Dallas,Dallas,TX,$100 ,"$23,378 ",72,82,300,620,6.5,80,67,105,3.0/4,"CS,IT,BA,DS,IS","$25,390 ","$26,622 ","$26,622 ","$25,390 ",,,"$26,622 ",,,,,,
Central Michigan University,Mount Pleasant,MI,,,,,,,,,,,,,,,,,,,,,,,,,
University of Massachusetts--Boston,Boston,MA,,,,,,,,,,,,,,,,,,,,,,,,,
University of Oklahoma,Norman,OK,,,,,,,,,,,,,,,,,,,,,,,,,
SUNY New Paltz,New Paltz,NY,,,,,,,,,,,,,,,,,,,,,,,,,
Florida International University,Miami,FL,,,,,,,,,,,,,,,,,,,,,,,,,
Kent State University,Kent,OH,$70 ,"$21,336 ",70,90,290,500,6,79,55,100,3.0/4,"CS,BA,DS,CSEC,CE","$22,000 ",,"$20,000 ","$22,000 ","$22,000 ",,,,"$22,000 ",,,,
Georgia State University,Atlanta,GA,,,,,,,,,,,,,,,,,,,,,,,,,
Howard University,Washington,DC,,,,,,,,,,,,,,,,,,,,,,,,,
California State University,Sacramento,CA,$70 ,"$25,000 ",77,50,295,,6.5,80,,,3.0/4,"CS,IS","$19,000 ",,,,,,"$18,100 ",,,,,,
Louisiana State University--Baton Rouge,Baton Rouge,LA,,,,,,,,,,,,,,,,,,,,,,,,,
Michigan Technological University,Houghton,MI,,,,,,,,,,,,,,,,,,,,,,,,,
Missouri University of Science & Technology,Rolla,MO,,,,,,,,,,,,,,,,,,,,,,,,,
University of North Texas,Denton,TX,,,,,,,,,,,,,,,,,,,,,,,,,
University of Texas at Arlington,Lubbock,TX,,,,,,,,,,,,,,,,,,,,,,,,,
Middlebury College,Middlebury,VT,,,,,,,,,,,,,,,,,,,,,,,,,
American University,Washington,DC,,,,,,,,,,,,,,,,,,,,,,,,,
Rutgers University- Camden,Camden,NJ,,,,,,,,,,,,,,,,,,,,,,,,,
Miami University,Oxford,OH,,,,,,,,,,,,,,,,,,,,,,,,,
Samford University,Birmingham,AL,,,,,,,,,,,,,,,,,,,,,,,,,
Trinity College,Hartford,CT,,,,,,,,,,,,,,,,,,,,,,,,,
Northern Arizona University,Flagstaff,AZ,,,,,,,,,,,,,,,,,,,,,,,,,
University of Wisconsin- La Crosse,La Crosse,WI,,,,,,,,,,,,,,,,,,,,,,,,,
University of Massachusetts Dartmouth,Dartmouth,MA,,,,,,,,,,,,,,,,,,,,,,,,,
Belmont University,Nashville,TN,,,,,,,,,,,,,,,,,,,,,,,,,
University of Miami,Coral Gables,FL,,,,,,,,,,,,,,,,,,,,,,,,,
Texas Tech University,San Antonio,TX,,,,,,,,,,,,,,,,,,,,,,,,,
New Mexico State University,Las Cruces,NM,,,,,,,,,,,,,,,,,,,,,,,,,
California State University,Los Angles,CA,$70 ,"$25,000 ",91,50,295,,6.5,80,,,3.0/4,"CS,IS","$19,000 ",,,,,,"$18,100 ",,,,,,
University of Missouri,St. Louis,MO,,,,,,,,,,,,,,,,,,,,,,,,,
Oklahoma State University,Stillwater,OK,,,,,,,,,,,,,,,,,,,,,,,,,
Old Dominion University,Norfolk,VA,,,,,,,,,,,,,,,,,,,,,,,,,
Pacific University,Forest Grove,OR,,,,,,,,,,,,,,,,,,,,,,,,,
Portland State University,Portland,OR,,,,,,,,,,,,,,,,,,,,,,,,,
University of Alabama--Birmingham,Birmingham,AL,,,,,,,,,,,,,,,,,,,,,,,,,
Carleton College,Northfield,MN,,,,,,,,,,,,,,,,,,,,,,,,,
Gonzaga University,Spokane,WA,,"$18,000 ",60,40,290,,6,,,,2.7/4,CS,"$18,000 ",,,,,,,,,,,,
University of Colorado--Colorado Springs,Colorado Springs,CO,,,,,,,,,,,,,,,,,,,,,,,,,
University of Hawaii--Manoa,Honolulu,HI,,,,,,,,,,,,,,,,,,,,,,,,,
University of Rhode Island,Kingston,RI,,,,,,,,,,,,,,,,,,,,,,,,,
Southern New Hampshire University,Manchester,NH,,,,,,,,,,,,,,,,,,,,,,,,,
Tennessee Tech University,Cookeville,TN,,,,,,,,,,,,,,,,,,,,,,,,,
Wesleyan University,Middletown,CT,,,,,,,,,,,,,,,,,,,,,,,,,
University of Wisconsin--Milwaukee,Milwaukee,WI,,,,,,,,,,,,,,,,,,,,,,,,,
Utah State University,Logan,UT,,,,,,,,,,,,,,,,,,,,,,,,,
University of California,River Side,CA,,,,,,,,,,,,,,,,,,,,,,,,,
West Virginia University,Morgantown,WV,,,,,,,,,,,,,,,,,,,,,,,,,
DePaul University,Chicago,IL,,,,,,,,,,,,,,,,,,,,,,,,,
University of Michigan,Dearborn,MI,,,,,,,,,,,,,,,,,,,,,,,,,
Florida Institute of Technology,Boca Raton,FL,,,,,,,,,,,,,,,,,,,,,,,,,
Champlain College,Burlington,VT,,,,,,,,,,,,,,,,,,,,,,,,,
Marquette University,Milwaukee,WI,,,,,,,,,,,,,,,,,,,,,,,,,
Seattle University,Seattle,WA,,,,,,,,,,,,,,,,,,,,,,,,,
Loyola University,Baltimore,MD,,,,,,,,,,,,,,,,,,,,,,,,,
Mississippi State University,Mississippi State,MS,,"$18,000 ",50,40,290,,6,,,,2.7/4,CS,"$18,000 ",,,,,,,,,,,,
Ohio University,Athens,OH,,,,,,,,,,,,,,,,,,,,,,,,,
University of Missouri- Kansas City,Kansas City,MO,,,,,,,,,,,,,,,,,,,,,,,,,
University of Arkansas--Fayetteville,Fayetteville,AR,,,,,,,,,,,,,,,,,,,,,,,,,
University of Colorado--Denver,Denver,CO,,,,,,,,,,,,,,,,,,,,,,,,,
University of Central Missouri,Warrensburg,MO,,,,,,,,,,,,,,,,,,,,,,,,,
University of St. Thomas,St. Paul,MN,,"$18,000 ",70,60,290,,6,,,,2.7/4,CS,"$18,000 ",,,,,,,,,,,,
University of Louisiana--Lafayette,Lafayette,LA,,,,,,,,,,,,,,,,,,,,,,,,,
California State University,East Bay,CA,$70 ,"$25,000 ",90,50,295,,6.5,80,,,3.0/4,"CS,IS","$19,000 ",,,,,,"$18,100 ",,,,,,
Bowdoin College,Brunswick,ME,,,,,,,,,,,,,,,,,,,,,,,,,
University of Mississippi,University Park,MS,,,,,,,,,,,,,,,,,,,,,,,,,
University of Texas at San Antonio,Denton,TX,,,,,,,,,,,,,,,,,,,,,,,,,
University of Vermont,Burlington,VT,,,,,,,,,,,,,,,,,,,,,,,,,
Rhodes College,Memphis,TN,,,,,,,,,,,,,,,,,,,,,,,,,
University of Hartford,West Hartford,CT,,,,,,,,,,,,,,,,,,,,,,,,,
University of West Florida,Pensacola,FL,,,,,,,,,,,,,,,,,,,,,,,,,
Missouri Sate University,Springfield,MO,,,,,,,,,,,,,,,,,,,,,,,,,
University of North Carolina,Wilmington,NC,,,,,,,,,,,,,,,,,,,,,,,,,
Cleveland State University,Cleveland,OH,,,,,,,,,,,,,,,,,,,,,,,,,
Indiana State University,Terre Haute,IN,,,,,,,,,,,,,,,,,,,,,,,,,
Seattle Pacific University,Seattle,WA,,,,,,,,,,,,,,,,,,,,,,,,,
University of Alabama--Huntsville,Huntsville,AL,,,,,,,,,,,,,,,,,,,,,,,,,
Western Illinois University,Macomb,IL,,,,,,,,,,,,,,,,,,,,,,,,,
University of Idaho,Moscow,ID,,"$18,000 ",60,55,290,,6,,,,2.7/4,CS,"$18,000 ",,,,,,,,,,,,
University of Louisville,Louisville,KY,,,,,,,,,,,,,,,,,,,,,,,,,
University of Maine,Orono,ME,,"$18,000 ",70,40,290,,6,,,,2.7/4,CS,"$18,000 ",,,,,,,,,,,,
California State University,Chico,CA,$70 ,"$25,000 ",71,50,295,,6.5,80,,,3.0/4,"CS,IS","$19,000 ",,,,,,"$18,100 ",,,,,,
University of Memphis,Memphis,TN,,,,,,,,,,,,,,,,,,,,,,,,,
Harding University,Searcy,AR,,,,,,,,,,,,,,,,,,,,,,,,,
University of New Hampshire,Durham,NH,,,,,,,,,,,,,,,,,,,,,,,,,
University of Michigan--Dearborn,Dearborn,MI,,,,,,,,,,,,,,,,,,,,,,,,,
University of Missouri--Kansas City,Kansas City,MO,,,,,,,,,,,,,,,,,,,,,,,,,
University of Connecticut,Mansfield,CT,,,,,,,,,,,,,,,,,,,,,,,,,
University of Nevada--Las Vegas,Las Vegas,NV,,,,,,,,,,,,,,,,,,,,,,,,,
Bowling Green state University,Bowling Green,OH,,,,,,,,,,,,,,,,,,,,,,,,,
University of Nevada--Reno,Reno,NV,,,,,,,,,,,,,,,,,,,,,,,,,
Florida A&M university,Tallahassee,FL,,,,,,,,,,,,,,,,,,,,,,,,,
University of Tulsa,Tulsa,OK,,,,,,,,,,,,,,,,,,,,,,,,,
Wichita State University,Wichita,KS,,,,,,,,,,,,,,,,,,,,,,,,,
Wright State University,Dayton,OH,,,,,,,,,,,,,,,,,,,,,,,,,
Montana State University,Bozeman,MT,,"$18,000 ",61,55,290,,6,,,,2.7/4,CS,"$18,000 ",,,,,,,,,,,,
California State University,Fresno,CA,,,,,,,,,,,,,,,,,,,,,,,,,
North Carolina A&T State University,Greensboro,NC,,,,,,,,,,,,,,,,,,,,,,,,,
University of Arkansas--Little Rock,Little Rock,AR,,,,,,,,,,,,,,,,,,,,,,,,,
University of Dayton,Dayton,OH,,,,,,,,,,,,,,,,,,,,,,,,,
University of Nebraska--Omaha,Omaha,NE,,"$18,000 ",65,60,290,,6,,,,2.7/4,CS,"$18,000 ",,,,,,,,,,,,
Northwest Missouri state University,Maryville,MO,,,,,,,,,,,,,,,,,,,,,,,,,
San Francisco state University,Claremont,CA,,,,,,,,,,,,,,,,,,,,,,,,,
University of New Haven,West Haven,CT,,,,,,,,,,,,,,,,,,,,,,,,,
Louisiana Tech University,Ruston,LA,,,,,,,,,,,,,,,,,,,,,,,,,
Southern Illinois University--Carbondale,Carbondale,IL,,"$18,000 ",65,60,290,,6,,,,2.7/4,CS,"$18,000 ",,,,,,,,,,,,
Towson University,Towson,MD,,,,,,,,,,,,,,,,,,,,,,,,,
Florida Atlantic University,Boca Raton,FL,,,,,,,,,,,,,,,,,,,,,,,,,
University of Montana,Missoula,MT,,,,,,,,,,,,,,,,,,,,,,,,,
University of Houston,Houston,TX,,,,,,,,,,,,,,,,,,,,,,,,,
University of Toledo,Toledo,OH,,,,,,,,,,,,,,,,,,,,,,,,,
University of Wyoming,Laramie,WY,,"$18,000 ",60,50,290,,6,,,,2.7/4,CS,"$18,000 ",,,,,,,,,,,,
Dakota State University,Madison,SD,,,,,,,,,,,,,,,,,,,,,,,,,
Colby College,Waterville,ME,,,,,,,,,,,,,,,,,,,,,,,,,
Eastern Michigan University,Ypsilanti,MI,,"$18,000 ",68,65,290,,6,,,,2.7/4,CS,"$18,000 ",,,,,,,,,,,,
North Dakota State University,Fargo,ND,,"$18,000 ",62,50,290,,6,,,,2.7/4,CS,"$18,000 ",,,,,,,,,,,,
Oakland University,Rochester,MI,,,,,,,,,,,,,,,,,,,,,,,,,
Pace University,New York,NY,,,,,,,,,,,,,,,,,,,,,,,,,
Tennessee State University,Nashville,TN,,,,,,,,,,,,,,,,,,,,,,,,,
Western Michigan University,Kalamazoo,MI,,,,,,,,,,,,,,,,,,,,,,,,,
Bowie State University,Bowie,MD,,"$18,000 ",60,50,290,,6,,,,2.7/4,CS,"$18,000 ",,,,,,,,,,,,
University of Bridgeport,Bridgeport,CT,,,,,,,,,,,,,,,,,,,,,,,,,
University of Southern Mississippi,Hattiesburg,MS,,,,,,,,,,,,,,,,,,,,,,,,,
Walden University,Minneapolis,MN,,,,,,,,,,,,,,,,,,,,,,,,,
California State University,San Bernardino,CA,$70 ,"$25,000 ",65,50,295,,6.5,80,,,3.0/4,"CS,IS","$19,000 ",,,,,,"$18,100 ",,,,,,
University of North Florida,Jacksonville,FL,,,,,,,,,,,,,,,,,,,,,,,,,
concordia university st paul,St. Paul,MN,,,,,,,,,,,,,,,,,,,,,,,,,
University of Alabama- Tuscaloosa,Tuscaloosa,AL,,,,,,,,,,,,,,,,,,,,,,,,,
Rowan University,Glassboro,NJ,,,,,,,,,,,,,,,,,,,,,,,,,
Colorado College,Colorado Springs,CO,,,,,,,,,,,,,,,,,,,,,,,,,
University of Houston Clear Lake,Houston,TX,,,,,,,,,,,,,,,,,,,,,,,,,
Concordia University Wisconsin,Mequon,WI,,,,,,,,,,,,,,,,,,,,,,,,,
University of South Alabama,Mobile,AL,,,,,,,,,,,,,,,,,,,,,,,,,
Texas A&M University,Kingsville,TX,,,,,,,,,,,,,,,,,,,,,,,,,
Brigham state University,Rexburg,ID,,,,,,,,,,,,,,,,,,,,,,,,,
Southeast Missouri Sate University,Cape Girardeau,MO,,,,,,,,,,,,,,,,,,,,,,,,,
Carroll College,Helena,MT,,"$18,000 ",70,40,290,,6,,,,2.7/4,CS,"$18,000 ",,,,,,,,,,,,
Southwestern College,Winfield,KS,,,,,,,,,,,,,,,,,,,,,,,,,
Texas A&M University,Corpus Christi,TX,,,,,,,,,,,,,,,,,,,,,,,,,
California State University,Bakersfield,CA,$70 ,"$25,000 ",70,50,295,,6.5,80,,,3.0/4,"CS,IS","$19,000 ",,,,,,"$18,100 ",,,,,,
University of Wisconsin,Green Bay,WI,,,,,,,,,,,,,,,,,,,,,,,,,
College of Idaho,Caldwell,ID,,"$18,000 ",70,40,290,,6,,,,2.7/4,CS,"$18,000 ",,,,,,,,,,,,
Oklahoma City University,Oklahoma City,OK,,,,,,,,,,,,,,,,,,,,,,,,,
George Fox University,Newberg,OR,,"$25,000 ",60,,,,6,70,,,3.0/4,CS,"$25,000 ",,,,,,,,,,,,
University of Texas El Paso,El Paso,TX,$65 ,"$27,000 ",64,49,,,6.5,79,54,,3.0/4,"CS,DS","$27,000 ",,,"$21,000 ",,,,,,,,,
University of Minnesota- Duluth,Duluth,MN,$75 ,"$27,000 ",68,57,,,6,,,,3.0/4,CS,"$27,000 ",,,,,,,,,,,,
Stockton University,Galloway,NJ,$50 ,"$28,000 ",78,60,,,6,,,,3.0/4,CS,"$28,000 ",,,,,,,,,,,,
University of Washington- Tacoma,Tacoma,WA,$80 ,"$27,000 ",76,50,,,6.5,89,,,3.0/4,"CS,BA,ECS","$23,500 ",,"$45,000 ",,,,,,,"$27,000 ",,,
University of Minnesota- Morris,Morris,MN,,"$20,000 ",70,50,,,6,,,,3.0/4,CS,"$20,000 ",,,,,,,,,,,,
University of Akron,Akron,OH,$70 ,"$15,000 ",60,65,,,6,,,,3.0/4,"CS,IS","$15,000 ",,,,,,"$12,000 ",,,,,,
Troy University,Troy,AL,$50 ,"$15,625 ",56,40,,500,6.5,80,54,,3.0/4,CS,"$15,625 ",,,,,,,,,,,,
Regis University,Denver,CO,,"$14,050 ",74,43,,,6.5,,,,3.0/4,CS,"$14,050 ",,,,,,,,,,,,
University of North Dakota,Grand Forks,ND,$35 ,"$15,000 ",62,39,,,6.5,,,,3.0/4,CS,"$15,000 ",,,,,,,,,,,,
Morgan state University,Baltimore,MD,$50 ,"$13,333 ",57,37,,,6,,,,2.7/4,CS,"$13,333 ",,,,,,,,,,,,
Boise state University,Boise,ID,$95 ,"$23,000 ",67,45,300,,6,80,,,3.0/4,CS,"$23,000 ",,,,,,,,,,,,
New Mexico Tech,Socorro,NM,,"$15,000 ",60,34,290,,6.5,,,,3.0/4,CS,"$15,000 ",,,,,,,,,,,,
Concordia University,Ann Arbor,MI,,"$23,000 ",73,30,,,6,,,,3.0/4,CS,"$23,000 ",,,,,,,,,,,,
Western Colorado University,Gunnison,CO,,"$16,700 ",70,40,,,6,,,,2.7/4,CS,"$16,700 ",,,,,,,,,,,,
Northwest Nazarene University,Nampa,ID,$50 ,"$17,000 ",60,40,,,6,,,,2.7/4,CS,"$17,000 ",,,,,,,,,,,,
Delaware State University,Dover,DE,$50 ,"$17,500 ",65,45,290,,6.5,80,54,,2.7/4,CS,"$17,000 ",,,,,,,,,,,,
Depauw University,Greencastle,IN,,"$17,000 ",68,45,290,,6,,,,2.7/4,CS,"$17,000 ",,,,,,,,,,,,
University of Maryland,Global Campus,MD,,"$20,000 ",68,40,290,480,6,,,,2.7/4,CS,"$20,000 ",,,,,,,,,,,,
College of Charleston,Charleston,SC,,"$18,000 ",70,40,290,,6,,,,2.7/4,CS,"$18,000 ",,,,,,,,,,,,
Westminster College,Salt Lake City,UT,,"$20,000 ",75,50,290,480,6,,,,2.7/4,CS,"$20,000 ",,,,,,,,,,,,
University of Mary,Bismarck,ND,$55 ,"$20,000 ",68,45,290,480,6,79,,,2.7/4,CS,"$20,000 ",,,,,,,,,,,,
Berea College,Berea,KY,,"$15,000 ",58,35,300,500,6.5,79,54,,2.7/4,CS,"$15,000 ",,,,,,,,,,,,
University of Portland,Portland,OR,,"$17,000 ",70,40,300,500,6,85,,,2.7/4,CS,"$17,000 ",,,,,,,,,,,,
Youngstown State University,Youngstown,OH,$45 ,"$20,000 ",50,60,,500,6,80,,105,2.7/4,CS,"$20,000 ",,,,,,,,,,,,
University of Minnesota,Crookston,MN,,"$25,000 ",60,40,,,6,70,,,3.0/4,CS,"$25,000 ",,,,,,,,,,,,
University of North Alabama,Florence,AL,$100 ,"$12,500 ",60,30,,,6,,,,3.0/4,CS,"$12,000 ",,,,,,,,,,,,
University of Northern Colorado,Greeslys,CO,,"$25,000 ",60,40,,,6,70,,,3.0/4,CS,"$25,000 ",,,,,,,,,,,,
Colorado Technical University,Colorado Springs,CO,,"$25,000 ",60,30,,,6,70,,,3.0/4,CS,"$25,000 ",,,,,,,,,,,,
Western Washington University,Bellingham,WA,$100 ,"$40,000 ",69,30,,,6.5,80,,,3.0/4,CS,"$40,000 ",,,,,,,,,,,,
Idaho State University- Pocatello,Pocatello,ID,$65 ,"$44,000 ",58,30,,,6.5,80,,,3.0/4,CS,"$44,000 ",,,,,,,,,,,,
Oklahoma Christian University,Oklahoma City,OK,$25 ,"$9,000 ",67,30,,,6.5,79,,85,3.0/4,CS,"$9,000 ",,,,,,,,,,,,
Talyor University,Upland,IN,,"$10,250 ",65,35,,,6,,,,3.0/4,CS,"$10,250 ",,,,,,,,,,,,
Plymouth State University,Plymouth,NH,,"$11,000 ",67,30,,,6,,,,3.0/4,CS,"$11,000 ",,,,,,,,,,,,
Luther College,Decorah,IA,,"$9,000 ",56,30,,,6,,,,2.7/4,CS,"$9,000 ",,,,,,,,,,,,
University of New Orleans,New Orleans,LA,,"$13,500 ",40,30,,,6,,,,3.0/4,CS,"$13,700 ",,,,,,,,,,,,
Norwich University,Northfield,VT,,"$20,000 ",48,30,,,6,,,,3.0/4,,,,,,,,,,,,,,
College of Southern Nevada,Las Vegas,NV,,"$20,000 ",48,30,,,6,,,,3.0/4,,,,,,,,,,,,,,
New England Institute of Tech,East Greenwich,RI,$45 ,"$15,000 ",50,30,,,6,,,,3.0/4,IT,,"$14,000 ",,,,,,,,,,,
Providence College,Providence,RI,$65 ,"$25,000 ",45,30,,530,7,90,,,3.0/4,,,,,,,,,,,,,,
Montana Technological University,Butte,MT,,"$9,000 ",46,30,,,6,,,,2.7/4,CS,"$9,000 ",,,,,,,,,,,,
Casper College,Casper,WY,,"$11,250 ",45,36,,,6,,,,2.7/4,CS,"$11,250 ",,,,,,,,,,,,
University of Jamestown,Jamestown,ND,,"$12,000 ",40,34,,,6,,,,2.7/4,CS,"$12,000 ",,,,,,,,,,,,
South Dakota School of Mines & Tech,Rapid City,SD,$35 ,"$8,000 ",40,30,,,6,70,47,,3.0/4,,,,,,,,,,,,,,
University of South Dakota,Vermillion,SD,$35 ,"$10,000 ",40,30,,,6,,,,3.0/4,"CS,BA","$9,800 ",,"$9,800 ",,,,,,,,,,
Marshall University,Huntington,WV,$65 ,"$24,000 ",43,50,290,,6,80,,,3.0/4,IS,,,,,,,"$20,100 ",,,,,,
Mississippi College,Clinton,MS,$50 ,"$10,000 ",40,50,290,,6,,,,3.0/4,CS,"$10,450 ",,,,,,,,,,,,
Thomas College,Waterville,ME,$50 ,"$12,000 ",49,50,,,6,,,,3.0/4,CS,"$11,000 ",,,,,,,,,,,,
Creighton University,Omaha,NE,$50 ,"$15,000 ",43,50,290,,6,,,100,3.0/4,BA,,,"$15,000 ",,,,,,,,,,
